{
    "acc": 0.860655737704918,
    "loss": 0.5611935865256141,
    "training_time": 69.73707580566406
}