{
    "acc": 0.8360655737704918,
    "loss": 0.38776118002954074,
    "training_time": 74.58171200752258,
    "val_acc": 0.8758169934640523,
    "val_loss": 0.37736687731200197,
    "step": 1
}